não;1974;1146;1233;1190
ao;1265;1079;505;653
como;883;845;497;573
eleitoral;594;582;239;840
ministro;602;199;410;311
fato;1009;419;206;467
eleição;241;473;490;570
prova;1126;127;111;224
candidato;162;572;194;506
voto;404;307;401;289
senhor;208;84;374;34
art;588;81;22;662
abuso;169;99;12;1022
mais;286;431;285;198
relator;595;87;105;257
público;212;445;202;331
conduta;289;85;24;686
ação;709;92;69;173
tse;158;263;463;139
caso;498;158;79;363
dever;508;152;99;318
mesmo;376;245;203;194
também;311;251;276;197
presidente;249;204;277;98
bem;250;212;153;355
campanha;119;338;93;158
já;364;249;187;130
ainda;357;247;123;209
ilícito;279;70;24;462
forma;240;278;97;240
direito;303;132;41;352
dizer;156;203;426;64
uso;37;192;28;531
auto;479;138;84;155
jurídico;387;43;17;348
min;121;35;22;598
próprio;150;262;264;173
pessoa;143;276;187;91
processo;579;80;69;97
dje;105;8;3;624
ato;185;214;56;390
aije;354;63;28;266
então;117;241;394;61
gravidade;239;53;13;520
mensagem;90;178;32;99
sistema;23;424;275;56
decisão;540;68;37;85
investigar;113;419;153;100
elemento;444;94;45;171
julgamento;557;38;26;142
empresa;63;73;60;24
federal;73;68;464;100
conteúdo;118;304;51;76
quando;190;150;141;198
pedir;518;26;56;96
representar;168;136;38;112
informação;86;299;151;109
pleito;76;195;58;412
brasil;39;301;202;31
rel;65;7;2;529
aqui;129;101;344;65
prático;168;92;25;357
investigado;280;166;40;107
autor;408;101;29;57
social;32;228;20;328
reunião;166;251;127;64
político;70;246;46;254
meio;109;233;88;130
inquérito;139;53;340;18
id;178;153;163;34
assim;244;129;90;141
sentido;252;102;61;200
indevido;69;48;17;436
porque;185;119;221;76
relação;213;114;108;90
vez;186;164;121;110
resultado;125;175;121;142
apenas;175;140;115;147
dar;153;133;168;98
meios_de_comunicação;23;70;1;466
defesa;353;103;79;41
presidente_da_república;46;279;151;95
discurso;64;369;53;62
pedido;363;35;50;86
ocorrer;123;192;113;104
dia;67;236;169;35
realizar;107;249;69;84
modo;241;97;35;147
probatório;394;23;14;89
respeito;207;142;120;71
julgar;258;20;20;199
evento;64;349;47;56
lei;150;70;21;268
processual;458;8;6;41
falar;71;143;258;29
análise;224;115;41;141
recurso;101;62;22;315
justiça_eleitoral;129;146;53;183
documento;226;59;152;13
poder_econômico;56;15;1;429
eletrônico;21;306;115;37
ver;181;125;121;74
preliminar;364;12;11;57
juiz;158;18;30;25
tribunal;214;49;47;154
legitimidade;72;52;10;384
tratar;151;170;84;72
presente;216;85;64;83
demonstrar;186;116;28;140
corte;223;47;41;184
necessário;253;37;24;171
causa;388;23;13;49
até;98;144;167;37
votação;16;330;74;48
jair_messias_bolsonaro;72;176;109;55
disparo;61;13;11;46
querer;39;63;270;21
razão;256;61;47;92
df;109;17;42;131
whatsapp;40;51;22;27
ponto;175;147;61;65
novo;186;128;37;61
apresentar;159;99;130;32
termo;153;50;42;116
urna;8;184;170;69
lc;159;20;4;281
entender;252;55;50;86
eleitor;37;197;60;115
polícia;43;18;360;7
considerar;190;65;34;151
muito;85;133;129;59
eminente;283;28;40;43
falso;23;279;43;19
questão;221;52;72;46
matéria;213;93;46;62
partir;97;170;52;100
além;114;110;54;129
testemunha;81;26;169;1
demanda;353;15;12;54
possível;164;101;75;76
circunstância;189;39;7;209
base;183;89;45;83
alegação;305;32;19;44
saber;50;68;210;34
massa;49;17;11;49
produzir;199;102;52;32
inicial;268;44;12;32
contexto;143;160;26;66
abusivo;69;26;5;306
advogado;31;26;70;4
seguinte;102;67;70;127
afirmar;74;114;105;57
conclusão;179;45;66;71
juízo;222;21;43;70
exercício;124;71;11;176
processo_eleitoral;57;148;35;142
instrução;317;17;15;14
candidatura;21;141;19;190
democrático;41;104;36;170
grave;58;106;47;145
permitir;128;114;50;60
momento;109;146;73;25
finalidade;58;98;33;179
interesse;145;68;47;95
comunicação;36;190;7;84
redes_sociais;6;269;22;54
manifestação;91;117;22;127
existência;140;65;37;75
ano;51;97;107;75
utilizar;52;177;44;55
deputado;19;34;212;49
acompanhar;201;40;57;22
rede;10;235;34;44
internet;44;181;9;90
geral;148;90;33;74
país;18;160;120;21
inelegibilidade;46;11;0;290
inclusive;99;115;62;67
comprovar;133;56;38;97
tema;137;123;42;52
hipótese;124;58;24;145
efeito;151;96;16;88
liberdade;25;78;35;195
investigação;165;35;90;59
medida;171;54;24;77
referido;91;95;44;99
brasileiro;29;164;91;39
final;195;51;64;23
normalidade;21;30;12;297
indício;127;29;49;64
civil;166;32;98;20
vista;182;68;24;52
objeto;171;65;50;31
suficiente;125;25;25;164
digital;20;101;32;30
democracia;16;207;58;57
princípio;159;22;8;138
judicial;223;15;10;60
fundamento;205;15;9;77
tese;150;62;11;90
linha;124;60;52;67
mérito;260;9;8;49
utilização;26;72;8;133
trazer;169;65;39;37
diverso;91;161;17;52
constitucional;132;32;17;116
alexandre_de_moraes;112;20;64;45
produção;247;39;6;23
levar;106;101;63;44
especial;63;39;73;118
notícia;36;164;45;21
representante;73;82;31;43
poder_político;27;30;3;258
acesso;31;93;131;37
embaixador;27;170;43;14
cassação;33;9;1;259
ataque;32;209;47;26
petição_inicial;175;70;7;39
eventual;147;28;25;99
aspecto;97;40;18;127
fraude;13;139;131;10
concluir;116;59;59;69
só;53;50;139;40
material;71;91;58;49
respe;31;5;0;265
tempo;84;101;82;29
c;79;89;46;35
justiça;102;34;108;45
concreto;109;35;8;142
grupo;28;123;76;28
mandato;55;31;12;201
apuração;51;66;115;56
parecer;141;61;46;35
ficar;57;62;106;48
cargo;21;113;36;125
ocorrência;96;30;25;120
expor;146;67;23;54
determinado;100;47;33;112
amplo;157;82;6;35
chefe;11;179;74;27
dado;50;69;72;31
relevante;136;57;19;58
jair_bolsonaro;22;87;49;13
revelar;131;43;14;85
disputa;17;55;8;212
partido;31;68;53;92
tribunal_superior_eleitoral;57;44;95;80
tender;112;73;29;47
registro;32;43;37;136
menos;70;99;41;65
serviço;19;43;20;14
exame;184;26;10;58
ação_de_investigação_judicial_eleitoral;122;12;2;136
suposto;65;75;64;54
condição;35;68;24;108
excelência;121;18;79;30
propaganda_eleitoral;25;76;2;113
bolsonaro;18;115;52;7
presidencial;72;83;25;61
precedente;97;20;9;153
observar;127;59;32;51
indicar;124;60;37;43
força;35;45;131;28
política;23;151;47;50
desvio;19;53;11;193
atuação;73;93;34;53
constituição;63;31;32;140
participação;58;54;32;94
jurisprudência;101;15;6;152
coligação;93;36;20;41
verdade;69;85;75;27
destaque;85;49;12;108
vir;63;54;112;18
diante;103;63;38;60
agora;38;27;152;31
propaganda;31;113;5;78
live;7;78;136;7
pessoal;45;88;44;82
legal;156;5;5;92
realização;57;96;21;74
período;44;112;16;52
contar;71;70;60;36
conjunto;171;15;5;63
marco;16;35;11;39
conhecimento;96;64;43;22
paulo;38;38;51;30
caracterizar;36;31;5;190
ausência;168;8;5;71
teor;73;90;20;45
possibilidade;94;35;37;82
dentro;32;43;138;32
sigilo;151;16;27;23
segurança;68;58;95;29
debate;73;106;40;29
tudo;38;55;120;12
proferido;137;85;5;27
facebook;38;145;19;7
prever;83;25;13;129
autoridade;13;72;42;127
verificar;90;40;17;83
conta;56;37;17;27
benefício;20;49;7;143
superior;103;24;22;99
lado;68;48;87;36
passar;28;103;65;45
encontrar;103;63;35;46
valor;39;41;24;99
sempre;88;68;47;43
desinformação;9;147;8;36
aijes;183;9;14;23
declaração;73;40;50;74
único;69;51;19;64
passivo;185;6;1;33
diligência;196;9;26;4
ro;19;6;0;212
destacar;60;65;24;75
dúvida;59;83;45;43
carlos;30;18;64;51
possuir;93;54;19;61
maior;49;111;21;42
diploma;27;5;2;200
agr;29;0;0;205
depoimento;57;22;102;28
exigir;103;19;8;118
número;11;56;96;13
configurar;26;25;11;151
vídeo;8;144;46;11
demais;69;51;25;60
antes;62;65;73;25
sanção;43;13;0;175
original;83;25;15;100
oficial;14;153;28;18
claro;53;65;58;30
âmbito;81;48;39;56
deixar;56;45;77;44
alegado;122;48;8;55
código;124;16;54;25
constituir;74;54;2;98
fático;135;35;3;53
chegar;43;53;90;11
assentar;131;13;6;84
r;39;53;5;27
contraditório;207;1;6;16
república;33;92;44;45
imprensa;26;98;36;65
ii;82;44;23;45
divulgação;35;124;17;37
governo;26;106;73;13
determinar;138;19;24;18
juntar;137;32;53;1
ideia;23;130;31;40
específico;99;29;31;43
tornar;56;84;65;18
liberdade_de_expressão;22;74;10;107
embora;89;54;26;50
praticar;71;35;8;111
reconhecer;75;50;32;67
contrário;82;78;38;24
configuração;34;7;3;185
aí;14;30;151;9
lei_complementar;70;3;3;145
jornalístico;92;54;9;44
edson_fachin;82;27;19;50
último;70;53;63;24
ocasião;68;44;90;21
representação;90;29;4;80
lula;3;70;74;2
veicular;37;102;8;34
turno;12;99;72;5
comportamento;23;81;17;80
oab;0;0;2;2
réu;97;31;8;17
proposta;76;30;64;35
adversário;19;105;19;24
página;22;100;41;25
livre;42;68;10;88
função;47;57;16;88
via;38;40;18;30
relatório;36;35;108;6
acórdão;96;13;7;90
necessidade;107;22;23;49
curso;122;35;18;31
repercussão;43;53;8;105
aplicativo;14;52;6;30
trecho;35;84;51;23
promover;58;77;7;19
mero;56;34;15;88
garantia;111;10;11;58
depois;20;31;142;6
opinião;15;116;24;44
responsável;32;34;21;35
estratégia;12;141;17;12
capaz;54;50;12;71
fonte;23;79;60;28
supremo_tribunal_federal;76;22;62;44
luiz;18;35;20;102
caráter;76;56;6;56
votar;20;49;89;18
vice;34;26;6;109
luis_felipe_salomão;59;10;18;83
mencionar;65;37;48;33
órgão;87;62;21;30
silva;18;33;47;27
exemplo;35;69;55;31
divulgar;8;116;49;24
direto;40;42;15;82
certo;95;38;22;25
prazo;90;12;28;25
manter;59;74;19;40
extrair;61;42;37;51
eleger;64;16;26;77
corregedor;127;11;12;41
barro;0;20;111;2
filipe;0;18;117;0
espécie;62;49;9;74
condenação;73;8;12;89
caber;94;32;26;45
impor;59;30;3;106
imagem;9;120;7;32
grande;24;99;47;18
tipo;42;66;21;34
palavra;33;57;41;40
luís_roberto_barroso;50;9;30;65
limite;82;18;7;74
apurar;50;19;44;69
situação;73;57;17;42
nada;49;20;81;14
relativo;82;53;23;26
ex;26;34;95;11
valer;45;42;32;60
terceiro;45;46;22;54
mundo;13;79;77;6
conter;28;69;29;35
aplicação;77;17;0;76
importante;51;61;40;31
procedimento;109;22;35;21
contratação;20;12;2;10
acontecer;2;8;168;1
veículo;15;57;3;107
mostrar;62;41;64;15
ministério;40;38;83;9
informar;51;43;54;6
envolver;41;73;15;40
devido;133;10;11;14
analisar;75;23;22;56
afastar;79;11;10;81
oportunidade;69;21;24;66
eleitorado;11;119;0;16
tutela;47;23;1;26
afirmação;30;78;42;18
presidência;5;78;62;6
fossar;54;46;58;22
natureza;76;24;8;70
pouco;25;59;66;18
improcedente;107;3;5;43
antônio;8;6;3;5
legítimo;26;92;6;50
conferir;69;42;13;44
reeleição;9;117;28;23
declarar;30;25;29;56
rejeitar;94;7;17;34
impedir;61;58;21;40
apontar;82;41;27;25
gente;1;5;137;0
notório;69;77;6;15
agente;15;36;7;116
acima;54;25;15;34
né;1;4;139;0
aplicar;76;20;4;73
sociedade;11;116;13;26
lisura;35;22;13;108
início;63;58;29;17
cpc;148;4;0;13
ademais;84;28;9;39
requerer;103;21;14;24
adotar;69;52;21;29
sp;12;7;5;63
ressaltar;60;41;18;46
pena;54;21;13;41
mídia;13;82;9;40
colocar;25;50;60;14
coisa;16;18;125;3
servidor;12;42;68;29
requerimento;127;7;14;4
chapa;54;16;6;53
quantitativo;42;9;5;113
prejuízo;75;16;7;38
palácio;5;129;12;10
formular;97;20;13;21
usuário;16;36;8;6
irregular;25;26;4;47
internacional;3;127;23;2
fernandes;55;10;7;25
efetivo;81;19;7;52
compreensão;97;13;11;47
sim;32;48;51;24
instituição;14;110;15;27
entendimento;95;11;4;56
perfil;11;55;7;3
objectivo;49;68;24;16
longo;47;59;27;21
stf;61;21;34;46
impresso;13;34;95;16
doutor;5;5;50;0
cidadão;9;56;2;85
premissa;69;39;10;42
pleno;69;17;2;71
mês;12;32;86;4
descrever;66;28;19;39
cumprir;57;28;41;37
assegurar;52;31;19;49
argumento;98;31;19;14
achar;33;20;95;3
real;18;52;16;16
prestar;44;22;56;24
jorge_mussi;34;4;6;93
impulsionamento;22;24;14;17
alcance;17;76;7;19
transmissão;2;117;28;10
regra;89;19;6;46
casa;29;21;79;15
admitir;84;25;27;16
receber;24;57;47;10
estrangeiro;3;97;25;8
diretamente;30;14;26;65
crime;37;15;64;23
vedar;12;24;1;106
norma;38;11;1;105
liminar;82;21;1;11
busca;44;58;10;21
seguir;30;67;41;16
predeterminado;27;56;7;57
popular;3;34;11;98
favor;27;32;36;31
efetivamente;52;21;20;34
destinar;48;38;10;44
ofício;59;8;73;7
manifestar;46;43;26;41
identificar;15;33;40;26
armado;1;13;113;1
transparência;3;56;78;7
simples;64;47;16;9
pensamento;5;47;6;90
institucional;20;101;7;24
bom;46;25;56;4
alterar;38;20;28;61
negativo;42;32;12;34
inciso;39;5;1;103
constatar;47;48;19;31
consideração;89;27;16;15
voltar;18;49;53;19
qualitativo;38;5;3;108
narrativa;61;62;13;14
ganhar;17;26;80;15
exatamente;30;29;69;17
requerido;96;21;3;12
ltda;2;3;0;1
gerar;39;64;3;30
examinar;85;17;11;33
plataforma;4;75;10;4
legislação;38;12;1;88
indeferir;133;2;4;5
estabelecer;51;28;9;59
essencial;63;19;4;64
comprovação;51;9;8;66
agravo;45;2;0;89
nacional;6;78;26;20
quebra;105;5;4;21
mínimo;76;21;10;33
improcedência;112;3;1;30
vargas;0;2;0;2
judiciário;61;32;27;24
verdadeiro;44;61;13;28
sessão;37;17;9;21
robusto;69;6;6;54
evidenciar;44;35;10;37
dispositivo;50;24;10;61
violação;79;11;7;32
usar;2;37;48;13
torre;9;11;105;0
eleito;19;30;46;43
eduardo;10;8;97;0
constar;34;55;32;14
registrar;35;26;18;18
lá;11;6;105;6
iv;23;29;11;56
hacker;1;6;123;0
existir;36;35;47;22
controvérsia;98;16;4;21
competência;45;33;10;53
campanha_eleitoral;23;31;10;45
aberto;21;51;34;36
tv;4;132;3;4
policial;49;12;64;7
manipulação;4;70;54;14
pensar;89;20;16;13
nota;16;66;6;15
minuta;65;16;50;3
buscar;33;56;21;27
responsabilidade;49;23;26;39
requisito;44;10;4;80
posição;22;42;14;62
news;8;70;35;8
magistrado;106;9;18;6
hora;6;54;28;19
deferir;82;10;7;10
atividade;65;29;6;35
resposta;48;24;32;20
participar;21;36;62;10
lugar;27;56;25;19
avaliar;29;38;14;50
apto;46;24;2;63
apresentado;58;38;21;13
transcrever;47;39;13;22
relatoria;62;7;4;65
iii;38;36;21;28
formação;80;12;4;41
conexão;105;8;1;5
acusação;58;24;26;13
penal;74;5;7;33
crítica;11;84;6;33
comissão;9;7;100;3
prestação;63;7;1;21
precisar;26;21;55;25
justificar;81;21;5;29
entrevista;4;81;27;10
anderson;8;2;111;0
vontade;15;27;30;65
sequer;55;28;26;9
objetivo;78;25;3;28
repetir;27;21;79;3
relatar;36;18;37;25
audiência;28;58;41;0
apoiador;8;58;8;11
visar;33;30;4;41
sustentar;51;47;19;10
ordem;47;37;14;26
maria;40;12;32;24
indeferimento;114;1;2;6
grau;13;10;8;92
instrutor;1;6;6;0
fundamental;33;18;2;73
especialmente;34;61;7;20
fase;98;11;6;9
conduzir;64;22;20;22
ministério_público_eleitoral;38;8;21;35
luz;64;4;1;55
filho;18;10;23;47
autoria;96;5;16;17
alvorada;4;106;5;11
tomar;18;47;37;20
solução;55;10;17;6
estrutura;8;45;17;15
banho;28;2;5;43
apresentação;34;50;22;15
invasão;38;38;38;13
folha;22;6;5;11
fake;7;61;32;8
envio;13;5;24;5
demonstração;69;14;3;23
realidade;54;41;12;20
prefeito;2;12;20;65
ordinário;19;4;2;101
especificamente;36;41;9;23
doação;24;4;3;22
sede;51;11;19;29
jurisdicional;88;3;0;25
imputação;53;27;10;28
comprometer;19;30;4;67
citar;25;22;13;56
canal;2;96;3;5
beneficiar;16;28;9;66
benedito;36;11;14;16
atuar;20;67;9;21
reiterar;44;44;14;16
espaço;16;69;10;27
discutir;51;26;21;24
cópia;20;6;80;3
caracterização;9;5;2;111
principal;23;59;7;20
plenário;92;5;12;14
marketing;11;4;0;1
igualmente;46;22;6;38
cerceamento;108;1;0;15
apoio;6;76;13;16
tecnologia;9;38;39;9
ferramenta;8;67;0;26
consequência;52;9;9;51
autorizar;76;20;3;20
respectivo;41;8;16;25
programa;4;65;36;8
devidamente;61;19;10;7
cenário;38;52;8;23
sérgio;27;2;13;24
parlamentar;8;38;49;19
papel;23;39;42;13
obter;18;21;20;50
conceder;34;32;10;7
am4;3;3;0;0
servir;44;36;13;22
reportagem;10;18;7;2
oitiva;69;0;36;1
hoje;16;42;51;9
gonçalves;35;9;8;20
definir;48;17;17;36
criar;8;78;18;6
pt;7;26;20;8
executivo;13;53;36;11
conceito;16;12;9;86
regimental;48;1;0;64
litispendência;92;0;0;19
exercer;34;27;9;51
decreto;52;13;27;10
anterior;39;34;26;15
publicar;22;47;5;24
potencial;15;27;2;48
og;57;6;5;25
mg;10;1;1;101
igualdade;5;14;2;94
fixar;71;9;2;29
citado;36;34;7;18
veiculação;16;57;3;29
providência;61;16;21;8
privado;16;29;9;48
passado;14;49;44;5
compor;70;18;5;14
beneficiário;22;14;1;76
técnica;36;36;31;2
reforçar;27;51;3;34
pretender;64;26;10;16
emissor;5;78;5;27
discussão;49;22;17;23
critério;20;11;8;76
tão;51;29;20;16
maneira;26;44;24;18
ler;19;23;50;6
fux;19;2;2;93
evidente;23;53;9;26
equilíbrio;10;13;1;91
empresário;23;18;5;7
alegar;40;27;9;19
propósito;13;43;5;41
nunes;15;1;33;38
inverídico;6;71;2;19
fernando;8;60;5;20
xiv;8;4;4;98
item;53;18;10;5
haddad;3;68;9;9
ensejar;40;5;5;54
econômico;9;22;2;70
diálogo;13;79;4;12
dano;24;16;3;39
administrativo;10;16;32;50
parâmetro;42;10;4;50
narrado;76;6;4;21
imediato;61;17;11;19
falta;53;11;11;35
diferente;38;32;25;8
ações_de_investigação_judicial_eleitoral;70;4;2;25
tarcisio_vieira_de_carvalho_neto;40;2;4;22
seguro;38;13;4;36
restar;32;22;18;37
posto;65;12;7;20
jornal;9;34;14;23
evidência;31;35;8;33
corroborar;58;19;22;8
preciso;20;38;19;27
instância;43;5;17;23
inserir;30;64;4;10
gustavo;7;2;57;1
dirigir;14;66;15;11
transmitir;1;83;13;10
tampouco;39;24;9;21
multa;19;18;0;47
motivo;57;12;7;14
entanto;41;27;15;15
dispor;37;16;9;36
decidir;56;15;11;24
controlo;48;18;4;28
arts;46;2;0;57
marques;32;1;6;17
constante;55;38;6;4
barroso;0;1;89;6
unido;15;63;18;6
narrar;45;15;11;19
luciano_hang;24;6;5;4
fornecer;12;16;33;8
fiscal;64;11;3;4
exposição;11;54;4;37
conseguir;12;14;66;0
alto;12;41;9;46
alteração;25;22;19;34
técnico;9;38;52;1
ribeiro;2;3;3;15
requisição;50;9;25;6
quase;15;50;34;3
publicação;24;45;1;31
proteger;17;12;5;71
presença;25;46;13;18
negar;31;12;15;20
josé;4;11;13;19
isonomia;15;26;0;66
iniciativa;59;19;18;8
inequívoco;12;22;9;61
dito;13;42;30;11
continuar;12;18;46;26
bancário;67;5;1;2
prerrogativa;22;25;4;54
esclarecimento;44;16;34;3
campo;32;33;14;13
união;30;35;10;22
trabalhar;0;18;43;2
risco;23;55;13;11
logo;47;19;14;19
influenciar;12;22;2;69
incluir;21;44;6;22
fator;34;24;2;47
ódio;0;72;26;5
xvi;4;6;1;93
rosa;17;4;18;27
indireto;20;13;1;60
imputado;30;2;1;69
atribuir;37;25;10;18
assumir;14;40;11;32
julgador;67;0;1;28
expressão;16;29;4;53
data;35;33;7;16
compartilhamento;49;47;3;1
postagem;13;53;7;7
instantâneo;5;10;0;31
celeridade;95;3;3;1
causar;22;17;3;57
rj;2;5;1;79
questionar;32;21;28;9
passo;55;17;10;18
organização;16;64;13;5
obstante;48;14;8;22
ementa;29;10;0;61
começar;0;11;83;0
coletivo;14;42;7;23
ambiente;10;49;13;25
algo;8;24;56;3
vincular;25;23;4;17
supostamente;22;32;11;30
proteção;18;17;1;64
potencialidade;4;0;0;98
missão;2;68;21;3
influência;13;19;6;59
referir;20;27;28;14
próximo;26;40;8;7
proferir;46;27;14;12
problema;6;28;58;1
peça;63;20;4;3
outubro;11;25;28;6
exterior;1;24;55;4
consistir;40;19;8;18
compreender;29;31;2;33
época;8;24;51;7
rejeição;56;4;15;16
referência;16;29;18;25
raul;25;7;12;10
origem;30;6;9;44
emprego;9;13;2;59
comum;54;20;11;10
complementar;65;7;4;14
caput;34;5;1;60
bastar;29;12;8;35
bahia;30;2;60;2
aptar;35;14;3;48
alves;4;0;4;6
sufrágio;11;17;1;69
solicitar;30;7;44;1
regional;26;10;17;42
petição;65;8;12;3
inúmero;32;37;13;12
enfrentar;35;27;15;8
educação;2;16;56;14
documentação;29;17;33;1
câmara;1;8;66;0
captação;14;7;1;70
adequado;57;13;8;16
síntese;52;16;3;24
parágrafo;35;7;1;34
mentira;0;50;25;3
litisconsórcio;67;0;0;17
interlocutório;86;1;3;1
firmar;44;6;3;27
envolvido;33;16;10;29
bastante;20;27;25;17
inexistência;47;6;6;28
garantir;21;22;13;24
referente;28;9;2;13
procedência;40;4;1;47
lives;3;65;20;3
inibitório;26;17;0;10
inexistir;58;8;6;6
importar;27;24;5;14
estabilização;84;0;2;5
denúncia;12;22;40;10
cármen;16;8;11;12
confirmar;15;26;33;10
atual;32;39;10;9
agir;15;38;17;20
twitter;3;28;3;3
tutelado;16;0;0;78
total;9;28;26;4
referendar;65;6;2;4
pretensão;66;7;6;9
preservar;33;12;1;47
observação;24;37;15;7
fundamentação;72;5;1;7
distribuição;22;25;1;33
desdobramento;82;6;3;3
decorrer;41;19;2;24
suscitado;66;4;4;10
supremo;15;7;47;21
reconhecimento;34;5;8;43
realmente;13;10;57;7
esclarecer;48;6;20;5
convicção;66;9;2;15
comunidade;2;76;9;4
cibernético;38;16;36;3
atenção;18;39;22;11
reprovabilidade;4;2;2;84
proceder;35;9;7;19
pertinência;74;2;5;8
mendes;20;0;1;54
lembrar;16;13;38;19
grifo;23;4;4;40
face;20;22;6;25
contrato;12;4;7;5
afetar;11;22;9;48
vice_procurador_geral_eleitoral;12;2;5;6
razoável;71;11;2;6
evitar;37;11;10;20
estadual;9;22;12;48
diplomático;2;74;4;4
chamado;15;41;23;4
vida;7;31;22;23
secretaria;7;11;59;4
residência;8;32;37;5
orientação;41;6;4;35
obrigar;27;12;39;5
leitura;24;24;19;17
jornalista;21;26;21;13
ilegitimidade;72;3;1;5
embargo;55;1;0;14
determinação;59;15;3;5
compra;10;5;1;16
augusto;0;1;39;8
atingir;15;46;4;23
anúncio;9;48;2;6
abertura;32;19;15;22
televisão;4;55;4;21
prévio;41;15;10;10
professor;16;16;36;8
polo;66;3;3;12
mulher;18;50;6;3
enviar;12;11;11;0
contato;1;19;27;1
carvalho;5;2;26;9
araújo;21;6;9;7
ônus;77;3;0;2
submeter;58;16;1;13
rio;13;25;22;5
presunção;52;1;0;32
omissão;63;5;2;14
ofensa;25;8;0;49
lúcia;13;8;8;12
independentemente;38;5;2;27
incidência;26;9;0;52
horário;7;59;12;10
expressar;17;23;8;35
defender;25;22;18;16
intuito;17;23;3;27
google;12;26;2;4
dj;22;3;1;59
difusão;2;67;3;9
conhecido;38;34;1;14
compartilhar;22;42;6;6
ciência;30;10;14;20
vivo;1;66;10;6
sugerir;8;20;40;4
nulidade;62;0;2;13
impacto;16;23;4;35
horbach;16;2;7;15
disseminação;1;54;7;2
certeza;22;11;40;5
assunto;4;20;45;4
resolução;51;5;4;22
pergunta;5;17;38;2
ouvir;24;14;39;1
máximo;36;6;8;21
integridade;10;63;4;8
indicado;34;17;15;4
gasto;16;7;3;25
frente;9;22;40;7
denominar;26;49;1;7
cumprimento;37;7;12;6
correlação;57;6;7;8
absolutamente;19;30;23;7
soberania;6;15;2;54
reafirmar;30;23;9;17
mauro;29;7;8;17
junto;12;13;29;2
instrumento;12;33;4;23
instituto;40;27;4;11
futuro;17;38;14;13
encaminhar;17;5;52;0
disposto;36;14;8;22
violar;24;14;9;16
título;19;28;17;10
mouro;24;4;6;13
minuto;0;37;20;1
investigante;27;35;0;11
fé;46;15;7;11
escolha;17;37;4;16
dimensão;4;39;3;34
decadência;73;2;0;4
confiança;4;40;33;5
chamar;8;31;35;1
teoria;40;19;4;17
especializar;44;12;2;23
encontro;4;60;8;5
encerrar;44;11;10;10
ed;20;4;2;43
diretor;20;16;25;10
depender;26;16;5;28
significativo;10;19;4;47
responder;8;8;39;5
melhor;32;21;18;6
gilmar;17;0;1;49
contorno;36;16;0;24
município;6;18;19;29
lide;70;1;2;3
intervenção;20;8;8;42
inerente;31;17;1;29
imputar;20;20;3;33
vitória;1;35;37;0
temporal;53;11;7;5
suspeita;8;17;24;2
quadro;46;14;7;8
pec;1;13;60;2
notar;21;20;8;10
jamais;8;20;35;6
investigantes;41;20;4;5
disponível;4;39;8;3
delimitar;54;11;2;12
decorrente;31;10;4;32
contido;36;12;6;15
administração;3;12;10;53
acolher;53;5;16;5
acabar;8;22;35;4
vedado;7;5;2;52
relevância;32;22;7;17
propor;44;18;7;6
pesquisa;2;62;4;1
perito;0;8;58;0
particular;21;18;7;31
novamente;40;17;11;2
integrar;28;18;9;10
indicação;38;6;5;17
ilegal;17;7;3;8
consistente;25;25;2;20
consignar;40;15;2;13
trâmite;56;1;13;3
salientar;38;19;10;6
sabidamente;9;55;0;13
resultar;25;12;4;26
regular;27;25;3;21
modelo;18;39;6;9
incompetência;55;4;0;8
identidade;35;12;4;14
dr;4;6;7;2
cadastro;12;1;1;3
aceitar;11;23;36;1
abordar;15;33;20;7
verificação;10;8;0;56
vencedor;29;12;3;17
resolver;20;4;46;3
neto;14;5;1;6
membro;15;27;21;3
janeiro;13;24;23;7
integralmente;47;9;8;5
infundado;4;53;9;7
gabinete;2;24;33;0
financiamento;14;23;1;9
financeiro;15;14;1;24
favorável;7;34;7;15
contribuir;22;28;3;22
consubstanciar;31;20;1;19
cabível;37;10;1;27
amparar;34;4;2;20
sugestão;1;14;51;0
souza;17;5;0;21
resguardar;21;5;0;47
referendo;43;7;1;6
publicidade;12;14;4;15
propositura;58;2;1;6
irregularidade;12;8;8;24
gomes;9;3;43;15
frança;1;10;49;0
central;25;37;2;6
sítio;5;38;1;4
sobretudo;27;24;4;15
reunir;40;16;9;7
rejeito;65;0;0;7
recorrer;17;24;7;18
preservação;10;10;2;34
pp;13;23;23;3
posterior;37;17;8;9
meramente;43;5;0;3
físico;13;19;13;8
especializado;2;10;23;2
entrar;0;4;55;0
desenvolvimento;13;10;2;3
cuidar;21;15;9;27
campbell;31;4;3;14
artigo;20;6;6;35
absoluto;37;8;7;17
retirar;9;23;8;21
qualidade;27;30;5;7
plano;12;28;3;24
interno;21;21;12;17
exigência;36;10;0;24
exclusivamente;21;11;15;24
contratar;8;4;9;10
comentário;7;52;7;3
cogitar;30;10;4;22
apontado;34;7;8;13
virtude;30;5;4;23
virtual;10;50;0;12
tratamento;12;15;3;35
texto;12;21;11;16
sigiloso;9;17;36;0
local;2;33;22;9
expressamente;33;20;10;4
cobertura;3;61;0;5
auditoria;2;21;45;0
weber;12;3;13;27
unanimidade;27;5;7;3
tópico;31;22;10;4
tentativa;12;21;25;8
pronunciamento;20;36;4;5
população;3;39;27;2
partidário;27;20;3;14
parcialmente;30;5;4;16
merecer;23;18;6;19
justamente;18;20;11;16
jogo;5;18;13;32
interpretação;28;7;9;24
estatal;26;19;2;20
divergência;45;5;6;6
difundir;3;59;0;3
severo;16;26;0;26
ricardo;8;16;4;12
notadamente;22;12;3;30
menção;7;34;17;7
impossibilidade;27;13;5;23
eventualmente;36;10;6;14
eletivo;12;2;1;54
direcionar;5;38;5;11
ótica;25;9;1;32
superveniente;58;3;0;5
repercutir;13;14;1;15
regularidade;36;4;4;21
preocupação;18;12;20;18
pdt;1;6;11;1
pagar;5;26;7;7
oferecer;7;18;5;1
nunca;7;13;31;2
noticiar;7;34;13;3
ilicitude;28;7;1;29
igual;23;18;4;19
explicar;13;18;31;4
episódio;10;35;10;13
desproporcional;5;7;1;52
conhecer;22;14;14;1
apurado;26;9;11;17
anteriormente;31;8;7;18
antecipado;7;7;0;32
alcançar;5;54;3;5
procuradoria;34;8;10;10
previsão;26;2;1;29
ipl;0;20;44;0
intimação;10;1;4;1
desprover;16;8;2;42
desequilíbrio;1;6;0;56
convidado;0;24;33;0
conversa;1;15;17;8
caixa;19;9;2;11
ausente;46;6;0;13
atentar;29;21;7;7
aguardar;51;2;7;1
vênias;43;4;7;6
sujeito;36;11;1;19
relacionado;29;19;5;5
possibilitar;48;4;2;11
necessariamente;19;6;2;36
nação;3;51;8;4
mudar;8;7;39;1
mobilização;1;52;1;6
impugnar;28;10;1;18
governador;1;28;5;16
excepcional;28;2;7;28
duração;40;20;1;4
disseminar;0;46;6;5
construir;15;39;3;9
colegiado;58;4;0;5
ampliação;62;2;0;1
ameaça;4;39;18;2
agência;0;12;1;1
transparente;0;12;39;14
pertinente;32;13;4;13
perceber;14;28;13;1
pedro;1;4;30;8
organizar;8;34;4;8
mencionado;15;12;3;22
indispensável;32;7;2;22
humano;8;47;5;3
formar;36;13;7;10
estabilidade;26;17;17;5
discursivo;3;41;8;12
versão;23;16;14;3
usado;1;20;12;17
regime;9;15;1;33
perícia;30;3;22;5
outdoors;18;15;1;28
ministerial;46;9;1;7
inépcia;59;1;0;4
iniciar;17;21;15;3
incontroverso;15;37;1;10
fundo;28;13;12;10
funcionamento;4;25;11;12
forte;11;20;21;8
documental;49;9;4;1
comunicar;3;46;9;1
atacar;2;36;17;4
asseverar;17;17;14;9
agradecer;26;2;23;1
turma;5;0;1;46
recusar;6;29;23;5
reclamar;7;1;11;37
prejudicar;21;4;13;10
posteriormente;25;9;10;4
perpetrar;7;18;1;33
peixe;0;0;52;0
ostentar;15;10;1;38
investigativo;52;7;3;2
henrique;5;2;2;40
diferença;26;14;10;11
detrimento;13;6;1;42
capacidade;23;31;1;7
apreciação;50;3;1;9
acarretar;29;17;1;16
youtube;1;46;2;0
titular;23;3;6;29
testemunhal;48;5;0;1
site;5;26;10;5
senha;0;1;49;0
secretária;2;7;37;15
requerente;27;12;0;6
promoção;5;39;2;17
obra;4;39;0;17
mello;24;6;1;27
fenômeno;22;33;0;3
explícito;3;27;9;23
desenvolver;25;25;3;4
criminal;23;1;20;13
crer;27;19;7;5
arma;3;13;5;41
antônio_hamilton_martins_mourão;14;1;3;12
acordo;22;11;13;15
visão;16;37;2;3
vencer;20;12;10;12
vantagem;5;25;3;28
stj;21;0;5;28
similar;25;14;1;17
rp;16;6;0;38
pericial;52;4;4;2
norte;5;16;17;19
neve;13;0;4;41
mandar;11;5;27;5
kiplix;3;0;0;0
importância;15;25;8;14
idôneo;40;3;0;13
exibir;2;30;16;2
distinto;46;6;0;9
disputar;10;19;10;18
deslinde;48;2;4;8
confundir;32;14;3;13
comentar;7;17;27;7
castro;7;0;37;5
ativo;26;21;6;6
apreender;19;7;29;4
aliás;27;22;6;4
ajuizado;28;8;6;17
aferir;16;7;7;32
rádio;3;35;4;17
relato;6;21;20;3
provimento;14;4;0;40
integrante;13;8;19;13
integral;11;15;27;2
imprescindível;21;4;2;31
excluir;24;9;11;4
enquadrar;7;5;0;47
computador;1;15;28;5
através;0;28;14;3
artista;1;51;0;3
vênia;46;0;5;2
transformar;18;15;11;6
preparação;5;29;13;5
oriundo;38;10;7;4
obviamente;8;5;41;6
mourão;6;9;1;12
jurisprudencial;17;1;0;39
independente;2;18;14;25
idêntico;42;9;1;6
guilherme;6;1;20;1
funcionário;6;12;5;4
escolher;1;26;16;17
disponibilizar;1;26;24;3
desfavor;19;10;1;21
contestação;31;23;5;0
constatação;21;11;3;19
comprometimento;3;11;2;44
competir;15;6;2;36
auxiliar;13;1;19;0
atender;28;11;14;3
aferição;16;6;0;37
abrir;13;14;24;5
reproduzir;24;19;3;8
provar;28;10;11;5
procedente;17;0;2;20
oral;41;1;1;7
marcelo;5;4;9;14
macular;0;4;4;47
instagram;2;43;1;0
inc;9;2;1;11
fachin;7;1;51;0
explorar;0;48;9;0
estudo;9;36;3;7
esquerdo;0;21;25;1
engajamento;0;50;0;5
enfim;5;8;28;8
deduzir;51;1;0;7
composição;7;0;4;4
completo;27;17;7;2
cf;8;9;2;40
celular;8;7;4;4
apoiar;5;22;4;6
simplesmente;10;12;34;1
sair;0;5;38;1
robô;1;9;0;0
reserva;8;6;5;39
pretendido;40;10;1;5
núcleo;22;9;11;8
joão;2;11;6;26
esfera;26;6;2;18
constitutivo;35;15;0;7
concessão;18;4;6;10
ce;7;1;20;25
alvo;3;39;5;0
viabilizar;15;13;4;5
tocante;30;7;1;15
rigor;32;8;3;12
remeter;9;14;23;3
reabertura;54;0;0;1
propagação;2;25;0;15
pf;2;2;47;0
perspectiva;25;9;1;19
par;43;1;4;5
pagamento;9;6;0;3
orientar;21;14;4;6
lima;4;3;18;8
ivo;0;0;47;0
imposição;10;3;2;42
identificação;18;7;3;24
gravação;1;22;12;11
fundamentar;37;4;1;14
disposição;21;15;7;7
conseguinte;16;5;1;31
assinalar;26;10;6;10
apreensão;19;5;15;11
adir;22;1;0;34
acreditar;2;23;19;5
software;0;0;13;0
remoção;14;23;0;3
prosseguir;19;5;23;8
perda;15;4;1;36
passagem;10;15;18;5
observância;38;0;0;18
mecanismo;5;34;6;4
inexistente;16;25;2;10
hamilton;6;8;1;10
extrato;12;1;7;1
exordial;28;5;0;7
enfatizar;14;10;15;6
economia;37;6;6;2
ebc;2;42;0;6
diplomação;30;10;4;11
desfecho;43;3;0;10
competente;19;9;8;17
aparecer;0;23;29;0
ajuizamento;46;4;1;4
afastamento;44;0;1;4
admissibilidade;51;1;0;3
acrescer;17;5;4;29
acrescentar;23;13;6;4
sócio;10;3;1;2
sofrer;8;17;11;17
restrição;16;5;2;30
relativamente;24;10;0;10
procurar;8;23;12;1
pressuposto;15;1;0;39
otávio;3;0;2;26
noite;7;8;23;1
lógica;27;14;3;9
lograr;18;4;6;18
jurisdição;42;0;2;11
interferência;1;15;20;16
inteiramente;22;16;12;4
imposto;16;4;0;32
fala;5;39;5;2
empregado;6;17;0;22
douto;41;5;0;6
deferimento;46;2;0;3
autônomo;17;5;1;32
ator;5;34;0;15
acervo;31;4;5;11
walter;18;5;0;18
vislumbrar;17;12;5;16
tecnológico;0;21;2;26
setembro;3;19;25;3
sentir;27;12;4;9
santo;2;19;1;17
revestir;29;5;0;10
questionamento;18;15;10;6
passível;13;7;3;21
padrão;11;17;12;3
lícito;21;19;0;11
invadir;4;6;34;1
influir;31;0;0;23
individual;12;18;0;12
firme;13;5;4;22
esforço;7;32;10;4
denotar;19;18;0;15
convocar;4;38;9;1
braga;17;6;0;19
suporte;25;5;6;4
significar;16;10;9;15
reflexo;8;2;0;42
recorrente;13;13;4;18
invocar;30;12;2;9
informacional;1;50;0;2
impossível;19;5;21;6
hackers;0;7;46;0
gostar;12;4;31;3
fraudulento;0;20;12;3
financiar;9;9;1;5
extensão;30;4;11;3
dinâmica;18;20;10;4
desconfiança;0;22;17;6
breve;26;11;8;4
branco;8;6;9;1
amplamente;11;24;5;9
talvez;6;10;30;0
surgir;21;18;6;5
reflexão;16;24;4;8
qualificar;14;9;5;21
nítido;6;32;6;8
normal;3;21;10;16
lançar;20;13;6;7
estrito;25;5;0;22
dilma;14;5;25;1
deter;19;20;2;9
confiável;0;16;33;0
brasília;5;22;13;0
aurélio;8;2;0;19
anunciar;1;24;18;0
principalmente;21;15;7;7
preclusão;43;1;0;4
moral;11;10;2;22
intenção;4;20;13;12
informática;0;2;14;0
el;6;3;0;42
dispensar;32;2;8;2
desequilibrar;0;3;0;46
cunho;1;18;0;8
criação;2;20;2;19
coordenação;4;28;15;3
convite;0;25;19;0
condenar;13;4;13;14
bezerro;1;6;21;11
atrair;6;28;0;17
anotar;35;5;4;6
andamento;34;3;6;3
aludir;18;4;3;22
advir;28;8;1;12
adoção;14;16;5;12
íntegro;10;26;12;2
vieira;13;6;10;7
tratado;9;16;9;7
traduzir;17;6;7;16
torno;8;29;6;2
temática;31;10;1;5
telefone;2;3;9;0
reconsideração;42;0;0;4
raciocínio;24;6;5;15
obtenção;21;7;2;8
modalidade;16;2;2;29
maia;10;1;0;39
legislativo;17;14;10;7
inegável;18;14;2;15
independência;2;31;0;13
hc;7;0;0;42
freitas;4;3;2;4
contemplar;32;9;1;8
coligação_o_povo_feliz_de_novo;9;3;0;12
celso;13;3;1;29
assistir;11;22;9;2
adentrar;25;11;4;10
acolhimento;25;1;8;4
rodrigues;2;0;1;5
republicano;3;18;1;26
recordar;3;3;29;3
provocar;9;26;6;5
pressupor;22;4;0;19
prejudicial;34;1;0;1
oportuno;27;4;1;11
olhar;1;6;41;0
mau;30;5;0;12
impressão;4;18;22;2
higidez;3;12;2;32
esclarecido;24;3;9;1
entidade;2;30;11;6
despesa;14;4;11;8
custo;6;32;0;4
convidar;2;13;31;0
condenatório;43;0;0;6
atribuição;10;9;6;21
visualização;1;40;0;1
tradicional;2;28;1;16
somar;11;22;6;7
seção;0;21;21;2
relevo;7;8;4;12
pauta;2;29;6;6
paridade;2;1;0;44
intitular;9;21;4;0
instaurar;9;5;25;5
indagar;5;5;35;2
incidir;18;0;0;29
ilação;21;5;8;8
ideológico;14;20;5;7
fraudar;0;20;21;2
eleitoreiro;2;13;2;29
diário;6;13;0;3
corregedoria;19;1;15;12
contagem;1;9;32;0
conspiração;0;41;6;1
conectar;16;23;5;0
colher;20;6;5;12
cercar;8;25;8;3
cassar;0;1;7;40
baliza;30;1;1;14
atar;10;2;1;1
ângulo;16;8;1;22
walber;1;2;8;4
subjetivo;22;8;5;12
revista;13;10;8;15
materialidade;41;0;1;3
logs;0;2;31;0
inácio;1;24;12;1
inverdade;1;20;6;9
hackeamento;12;28;0;7
figurar;26;7;1;11
extremo;14;20;7;5
esperar;17;17;10;3
especialista;0;23;16;0
equipa;0;12;19;1
embaixada;3;20;15;1
doutrina;16;2;0;29
construção;12;28;3;3
condução;29;6;4;5
atinente;32;8;0;7
angariar;2;30;1;8
analisado;34;3;3;6
acusar;6;10;24;0
típico;14;21;3;7
telefônico;26;0;1;0
rito;22;1;1;22
ramo;2;3;11;3
pontuar;20;10;1;6
operação;10;11;6;2
limpar;0;9;37;0
limitação;17;6;0;14
gonzaga;5;1;1;21
feira;2;17;20;0
enfoque;9;7;1;27
detalhado;22;7;11;1
confiabilidade;1;27;11;2
colhido;20;7;15;0
coerência;35;3;2;4
coação;9;15;6;10
autorização;26;7;1;6
assentada;19;15;1;9
aduzir;23;8;2;10
admar;5;0;1;22
vedação;10;14;1;18
sério;17;20;6;2
superar;23;7;4;9
secretário;0;2;36;1
rs;0;0;0;40
refutar;14;24;1;6
prestígio;28;11;1;5
paradigma;3;20;2;19
normatividade;1;26;7;2
luciana;2;1;1;36
limitar;18;16;2;9
legitimar;14;4;2;21
justificativo;21;11;8;5
inicialmente;23;8;9;4
honra;5;11;1;27
havan;2;2;6;0
existente;11;10;5;18
estratégico;5;20;12;2
embasar;13;5;10;8
elucidar;9;5;2;1
elegível;0;3;39;1
desvalor;2;1;0;41
desordem;0;43;0;2
designar;10;3;5;27
convencer;13;24;6;1
constitucionalmente;13;12;0;20
aplicado;26;1;2;15
alerta;2;32;3;6
afronta;16;2;2;15
áudio;2;8;24;3
área;1;14;12;11
tutelar;2;0;0;42
sequência;5;25;6;3
seguida;8;21;10;3
seara;22;3;1;16
rocha;7;1;16;6
proprietário;7;1;1;0
pr;2;5;0;31
paula;0;0;7;0
parcial;16;5;11;11
natural;10;11;10;9
mobilizar;0;39;5;0
massivo;1;24;0;8
links;6;25;0;1
interação;0;32;1;1
implicação;11;7;1;14
ilustre;25;6;2;6
humberto;9;0;1;7
guardar;34;2;3;3
evidentemente;10;17;12;4
destinatário;22;16;0;3
despeito;22;9;2;7
delinear;27;3;0;13
cuidado;25;4;12;2
comparecer;2;15;22;2
antecipar;16;5;5;12
alberto;1;4;26;1
agravar;12;4;2;17
afastado;13;4;3;24
aceitação;3;23;15;3
útil;30;5;1;6
viés;14;14;2;13
tramitação;38;1;3;1
totalização;3;22;12;3
tela;16;11;5;10
sr;5;1;14;1
semana;1;8;26;2
saneamento;34;7;1;1
refletir;8;12;15;7
punir;3;4;8;27
proporcional;4;0;0;39
prol;7;15;3;12
ocupar;2;22;12;7
normativo;7;0;1;33
napoleão;8;0;0;35
mandatário;5;15;4;19
lóssio;2;0;0;36
inútil;37;0;3;0
interessar;7;6;17;8
infração;8;3;4;28
implicar;18;3;3;17
identificado;4;19;7;9
golpe;2;9;25;2
esquema;7;13;8;0
entregar;2;12;20;1
embargante;36;1;0;1
contradição;29;3;0;6
conexo;35;1;0;4
ba;9;5;10;18
argumentar;16;20;1;1
andar;0;5;26;1
ajuizar;25;1;3;13
adulteração;2;16;20;0
versar;22;8;5;6
trabalhador;1;12;14;0
tirar;3;11;25;2
suspensão;9;3;0;18
recair;20;5;7;6
quarto;3;20;18;1
propiciar;20;20;0;2
pragmático;0;36;6;0
paz;2;16;23;0
ocorrido;7;14;3;14
netto;13;2;0;16
mão;2;2;28;4
lição;7;3;3;29
ids;13;9;16;0
fixação;31;1;0;8
extrapolar;11;6;4;21
eis;20;10;5;6
descrito;19;7;1;14
credibilidade;1;32;4;4
comício;2;29;2;7
associar;12;16;9;5
aptidão;10;8;0;23
aprovação;8;7;14;6
ampliar;19;14;4;4
agro;0;3;5;4
tô;0;2;30;0
suficientemente;20;2;0;12
sc;3;1;0;33
rn;2;0;0;37
relembrar;12;6;10;10
proclamação;15;7;5;12
preencher;9;13;2;13
posse;4;11;18;4
perder;9;9;16;6
ordenamento;15;1;0;17
operandi;4;27;0;2
novembro;2;4;20;4
movimentação;11;8;3;15
modus;4;27;0;0
margem;4;14;3;19
ligado;8;15;4;9
lewandowski;4;4;1;5
interferir;5;6;9;21
fundado;30;2;2;3
extremamente;8;8;13;9
externo;5;6;24;3
excesso;7;11;2;19
concernir;20;1;6;13
censura;9;15;1;13
avaliação;13;4;3;20
aprovar;8;1;24;2
adiante;10;17;4;10
vii;12;12;2;10
tendente;4;9;1;25
rebeca;3;0;0;0
re;3;0;0;22
pronunciar;31;2;3;3
projeto;4;18;12;1
penalidade;1;0;0;39
odebrecht;23;1;2;0
milhar;2;25;12;0
manutenção;8;6;10;13
interpretar;25;7;2;4
inteiro;7;10;15;2
expediente;4;14;15;4
encerramento;17;12;5;6
deus;4;10;15;2
criminoso;5;22;7;4
chance;0;10;4;25
capítulo;18;4;7;1
apertar;0;1;24;0
anuência;7;0;4;28
alegadamente;7;9;9;10
agosto;0;25;7;1
suma;16;4;2;10
substancialmente;5;3;0;31
subsequente;14;2;3;20
semelhante;23;6;5;3
salomão;23;4;4;6
resp;3;0;0;25
pronto;16;14;6;2
privilegiado;4;6;1;24
postular;31;1;4;3
postulado;6;0;0;6
piramidal;1;1;2;3
municipal;1;1;25;10
menor;8;15;3;4
medo;6;10;14;0
manipular;2;20;16;0
julho;1;24;6;2
inclusão;21;3;5;8
funcional;0;9;4;25
extinção;31;0;0;4
expressivo;9;17;2;10
exclusão;16;7;15;1
efetividade;23;0;0;16
dinheiro;5;13;5;10
detectar;6;10;7;3
conformação;4;3;0;32
conflito;7;9;1;20
comportar;12;9;8;6
compatível;17;14;5;3
caminho;17;3;14;2
basear;6;9;17;5
andré;1;0;2;0
velloso;9;0;1;19
tramitar;15;1;18;3
teste;2;16;16;0
sujeitar;12;3;0;23
seduc;4;1;26;1
rua;0;18;15;1
prover;9;1;1;27
preparar;0;17;17;0
positivo;6;16;3;10
ouvido;7;6;17;1
narrativo;11;17;7;3
majoritário;11;3;0;21
magnitude;4;8;0;25
lindolfo;2;0;0;2
ix;18;8;4;5
instrutórios;34;0;0;0
instruir;16;8;5;4
indicativo;7;2;3;7
imediatamente;5;14;14;1
gonet;5;1;3;1
genérico;18;5;3;6
fruto;11;20;2;2
foco;7;21;2;3
favorecer;5;22;0;3
explicitar;15;7;1;14
enquadramento;6;7;0;23
emprestar;30;2;5;1
eficácia;12;2;0;1
definição;10;11;1;14
definitivo;27;2;2;3
continuidade;21;9;4;2
conotação;7;16;0;13
característica;4;21;2;10
caos;5;29;0;0
aprimoramento;4;29;3;2
antidemocrático;2;31;3;1
súmula;16;0;0;20
sorte;9;11;3;7
salvo;10;7;4;14
residir;15;6;0;13
redação;6;8;0;23
planalto;0;26;8;1
perfeitamente;12;11;2;8
orador;1;8;11;0
mudança;9;15;9;4
mpe;17;6;3;8
motivar;15;15;3;1
mateus;0;0;29;0
localizar;2;2;14;2
legislador;17;0;2;18
justo;25;1;5;6
irrelevante;12;4;5;5
instalar;9;16;7;1
incompatível;19;13;2;3
félix;3;0;0;1
flávia;3;0;0;2
dezena;1;10;15;3
decisum;19;1;0;15
decidido;24;0;0;10
convencimento;21;8;2;6
confirmação;6;6;13;2
condão;22;5;0;9
cautelar;11;5;0;17
belo;3;5;3;26
atestar;6;17;7;5
arquivo;6;5;19;1
aplicável;19;1;0;5
anexo;0;2;2;0
afigurar;11;3;5;17
abstrato;25;0;3;9
universidade;2;18;3;10
tre;8;5;6;17
the;4;22;0;2
suposição;15;0;5;12
restrito;4;8;0;16
proclamar;14;3;12;5
privacidade;5;11;2;4
prender;0;0;15;12
pingo;3;9;23;0
pertencer;5;3;1;23
permanecer;7;13;11;0
perfeito;5;4;12;6
patrimonial;2;1;0;33
nogueira;0;3;25;0
máquina;0;20;6;9
jacques;4;0;0;5
inovação;10;10;0;16
ignorar;1;21;2;11
horizonte;4;3;2;27
etapa;14;15;2;3
emitir;7;11;12;5
efetuar;5;5;2;2
divergir;26;4;3;3
determinante;6;0;0;30
coordenado;4;29;0;3
colega;16;1;15;0
apreciar;28;3;1;4
and;6;25;0;1
alheio;13;6;5;7
alexandre;6;5;15;0
vereador;1;1;21;2
substituir;4;7;0;24
substancial;14;10;5;4
sic;5;2;23;0
rhc;3;0;0;32
retomar;15;8;7;1
recebimento;4;4;5;4
preferencial;1;7;0;27
polastro;0;0;27;0
pertencente;1;8;4;8
outrossim;14;4;0;13
originário;23;4;1;2
noticiado;9;8;14;2
minimamente;13;16;1;1
medeiros;4;0;0;4
manifesto;4;5;1;25
lastro;25;4;0;0
lastrear;15;1;1;15
jovem;1;12;22;0
inquirição;11;10;6;1
indivíduo;0;13;8;12
história;2;20;10;2
flávio;0;3;17;0
expedição;8;0;20;4
expectativa;3;14;4;14
etc;8;8;8;4
estabilizar;28;1;0;2
eieitoral;9;1;0;19
desvirtuamento;5;11;1;18
desprovimento;4;0;0;31
depreender;13;6;8;2
delimitação;22;7;0;5
delegado;0;0;33;0
debater;5;15;11;1
cruz;0;7;1;4
convocação;2;18;7;3
conversar;1;2;29;0
contribuição;2;8;10;2
complexo;11;13;4;6
comando;6;11;15;2
claramente;5;7;17;6
circulação;0;28;0;7
cidadania;3;14;0;18
baseado;11;8;1;11
azevedo;0;5;0;2
anti;5;15;0;10
agravante;19;9;3;2
adulterado;2;9;19;0
abster;11;12;0;3
vício;27;2;1;2
unidade;3;10;14;6
tático;3;27;0;4
suprir;18;6;7;1
soberano;9;4;0;10
senão;11;9;1;11
rememorar;6;12;2;12
reiteração;11;4;5;3
recentemente;9;11;5;7
realizado;1;19;4;1
publicitário;8;15;1;9
processar;17;0;13;4
perguntar;0;2;30;0
percepção;9;18;4;2
pc;6;1;0;8
pautar;16;9;1;5
parcialidade;23;11;0;0
link;2;20;1;0
inviabilizar;17;3;1;13
instauração;9;0;23;2
incumbir;18;1;5;7
incabível;23;1;0;9
impulsionar;1;8;0;11
governamental;2;18;1;13
funcionar;0;6;12;1
fragilidade;23;2;3;6
figura;4;22;4;4
externar;9;19;1;5
exclusivo;8;17;1;7
erro;6;20;6;1
desempenho;9;6;0;19
descartar;13;5;11;5
demandar;13;5;1;14
delação;26;0;2;0
corresponder;10;6;6;11
conjectura;13;4;2;5
componente;6;11;1;15
ciro;0;3;23;0
averiguar;25;1;3;4
automatizar;0;0;3;0
assessoria;3;9;9;0
arquivamento;26;0;5;1
apreciado;31;0;0;3
ap;3;0;4;24
verbis;20;4;3;1
trabalhista;1;3;2;3
requisitar;18;6;8;0
provável;12;10;0;2
pesar;21;5;2;4
pequeno;7;14;6;2
obstar;23;0;2;4
nantes;2;3;5;0
marcar;4;16;3;6
líder;0;19;13;1
loureto;5;1;17;8
limitado;9;4;0;4
legalmente;10;0;0;22
isolado;6;20;2;5
interpor;8;0;1;17
interessado;10;11;9;3
inibir;13;9;0;1
informativo;7;20;0;5
gravar;2;20;2;1
estimular;1;27;2;2
envolvimento;10;9;10;2
elevado;4;13;4;11
detentor;1;5;5;22
desnecessário;17;0;2;12
desejar;6;20;4;3
desafio;2;27;0;4
desafiar;11;4;6;11
consolidado;6;9;4;14
arrolar;7;8;15;1
afinal;12;9;5;1
adotado;15;11;1;4
abordagem;5;16;3;9
vulnerabilidade;1;5;21;1
volta;3;4;21;4
urgência;7;15;3;6
término;22;3;6;0
transgressão;0;1;1;20
transcrição;5;13;11;1
temer;13;4;7;2
seguidor;0;30;0;0
revisão;6;1;4;5
reprovável;3;11;0;14
rememoro;20;1;0;11
relacionar;6;11;5;2
recomendar;9;3;15;5
presidir;5;9;7;10
posicionamento;13;7;1;10
plenamente;21;5;2;4
patente;8;11;2;9
militar;2;5;25;0
longe;7;17;3;5
livremente;4;18;2;8
intenso;1;22;5;4
formado;4;18;4;3
equipamento;1;8;17;1
elaborar;9;11;9;1
disparar;9;18;0;1
desejo;3;21;6;0
decorrência;8;13;1;10
criticar;4;12;12;4
coordenador;0;2;25;0
converter;16;11;3;1
consequente;5;1;0;20
completamente;11;5;15;1
bucchianeri;5;2;1;9
assinar;4;6;17;0
asserção;26;0;0;4
assembleia;5;25;0;1
aperibé;0;3;18;0
apagado;0;1;27;0
antonio;0;6;1;4
ads;3;12;1;2
acionar;5;14;11;0
acaso;5;12;6;4
abaixo;9;12;3;0
êxito;6;16;3;6
violência;3;23;3;2
thereza;25;0;1;5
surpresa;27;4;0;0
rápido;4;12;6;5
responsabilização;7;1;0;23
raposo;0;2;2;0
quantidade;12;8;3;5
pugnar;18;0;8;4
proveito;9;10;1;11
protelatórias;31;0;0;0
postura;9;14;3;3
pleitear;18;5;3;2
paraíba;1;17;0;8
opção;3;16;5;5
oposição;10;13;2;4
operar;14;14;0;2
ms;17;0;0;14
lógico;19;6;2;4
instabilidade;6;12;11;0
ingresso;18;2;0;0
inferir;15;3;3;10
histórico;9;7;2;12
faltar;9;10;7;3
exceção;11;11;1;8
exato;14;7;6;2
enorme;3;8;16;1
dificuldade;13;12;5;1
diferentemente;19;0;9;2
dezembro;11;2;9;5
curto;3;14;3;9
corrupção;5;9;3;10
correto;13;8;7;0
coronel;0;0;24;0
congresso;1;9;18;3
citação;20;2;0;4
checagem;0;27;1;0
aproveitar;8;11;4;5
agenda;3;13;4;3
advertência;15;11;1;4
ad;25;3;0;2
zona;5;4;10;2
vínculo;14;5;2;5
vitor;1;1;24;0
verídico;4;19;3;2
versiani;0;0;0;28
sintetizar;8;13;0;8
salutar;8;19;0;3
rms;0;0;0;30
respectivamente;4;10;3;9
reprimir;5;7;1;16
repressão;4;4;21;0
record;2;22;1;2
praticamente;6;11;9;3
pontual;8;12;3;4
ponderar;15;6;2;7
plausibilidade;12;6;3;6
pacífico;10;7;0;11
liame;19;1;3;7
imunidade;1;13;8;8
herman;6;0;0;24
expresso;12;6;2;8
exibição;4;16;7;2
execução;5;9;2;9
espontâneo;7;18;3;2
escrever;7;2;16;1
empregar;2;18;1;8
edição;1;12;0;16
desfavorável;2;18;1;2
desconhecer;8;5;4;0
contratado;6;2;0;2
continência;27;0;0;0
cabimento;8;1;1;1
benjamin;6;0;0;24
automático;5;3;2;14
artístico;3;11;0;15
artificial;11;17;0;2
arnaldo;0;0;0;28
ar;0;12;18;0
admitido;4;2;0;20
óbvio;6;5;7;7
veracidade;2;13;1;8
totalmente;7;3;16;0
terrorista;1;4;23;0
sancionadora;24;0;0;5
rol;20;1;1;3
resumo;8;7;8;1
ressalva;11;1;3;9
respeitar;5;9;7;6
reforço;12;6;6;4
recursal;20;0;0;8
rapidamente;2;15;10;1
publicamente;1;15;5;0
propagar;4;20;2;1
potencialmente;4;10;2;10
planilha;0;3;21;0
oposto;12;10;3;1
obtido;9;7;4;6
nível;0;11;12;2
molde;5;10;5;8
martins;4;6;5;4
listar;4;9;6;0
investigatório;15;4;10;0
inadmissível;9;0;0;0
ilegítimo;4;12;0;11
floriano;1;0;1;1
excerto;13;2;0;10
descabe;17;1;2;9
dependência;2;15;4;4
decretar;17;0;5;5
corpo;0;15;4;1
claudia;4;2;1;7
chave;2;14;5;2
acontecimento;14;6;1;3
sustentação;15;5;0;1
subsidiar;5;4;12;4
solicitação;8;4;15;0
sentimento;0;23;5;0
sancionar;2;3;1;17
restringir;3;9;0;10
reduzir;4;19;0;5
qualificação;18;3;1;6
provedor;5;8;0;5
prisão;5;1;19;1
previsto;10;1;0;11
pasta;1;4;15;1
participante;4;12;5;3
parcela;4;15;2;1
paralelo;7;19;0;1
pan;1;9;18;0
orquestrar;9;11;1;5
of;3;19;0;4
obscuridade;25;2;0;1
noronha;1;0;1;25
motivação;13;11;4;0
mentiroso;0;11;10;3
materializar;4;7;0;17
ligar;4;3;7;1
legalidade;5;5;12;4
inédito;8;18;1;0
insistir;4;13;6;5
incutir;1;25;0;2
incerteza;0;17;4;7
governança;1;25;1;1
entrega;7;2;5;2
entendido;11;1;1;14
empírico;7;7;1;13
distribuir;1;12;3;3
disciplina;21;2;0;4
desviar;0;7;8;13
descobrir;19;2;7;0
crença;2;19;2;5
concordar;7;5;4;1
combater;5;10;7;4
cnn;7;13;6;1
cabo;7;8;9;4
básico;2;10;1;14
botar;0;0;26;0
arrecadação;4;5;6;6
aproximadamente;2;11;9;0
amplitude;17;5;0;4
aime;25;0;0;2
aferido;10;3;0;15
acessível;3;20;3;1
volume;11;6;4;1
travar;3;15;6;3
tranquilidade;6;3;17;1
terminar;6;2;14;1
senador;0;8;16;0
respaldo;11;2;7;5
reexame;16;1;0;10
qualificado;5;7;4;11
punição;5;6;2;14
prejudicado;12;0;4;9
porventura;0;3;18;3
perquirir;15;4;0;8
peculiaridade;11;4;0;7
organizado;2;17;7;1
moldura;15;3;3;6
midiática;2;11;0;13
luis;7;0;3;2
litisconsorte;22;2;0;3
júnior;6;4;0;5
investir;2;9;1;15
invasor;0;3;22;2
insinuar;1;7;18;1
incluído;17;3;0;3
impugnação;22;0;0;3
impender;17;3;1;4
gravoso;7;0;2;18
formal;14;4;2;7
ferir;3;14;1;9
falha;4;10;10;2
fakhoury;2;0;2;0
extrapolação;21;1;0;4
estruturado;4;13;0;7
essência;9;3;1;13
epistêmica;0;25;1;0
entornar;23;2;2;0
distrito;4;8;3;12
descrição;15;5;3;4
decretação;11;1;0;12
cpi;0;1;20;0
conclusivo;14;0;1;9
compromisso;9;11;5;1
caracterizado;6;6;0;15
bicentenário;0;22;0;1
associado;2;7;1;5
amoldar;4;9;0;14
albergar;4;10;0;7
vítima;4;15;4;2
viver;1;17;5;3
terceirizada;0;2;22;0
tarefa;16;5;2;1
suspender;19;4;0;1
suscitar;20;3;1;2
supedâneo;11;0;0;11
subscrever;7;0;14;2
sistemático;13;8;0;5
sergio;4;2;0;20
rousseff;5;2;16;0
rigoroso;8;3;3;10
remessa;8;0;6;4
recente;5;4;2;15
psl;4;10;4;1
provado;17;2;0;7
prosseguimento;12;0;0;5
proporcionalidade;8;1;0;17
proibição;4;9;2;8
prevalecer;5;5;6;10
preferência;1;17;2;6
pinto;2;2;0;4
perfazer;1;2;2;21
pereira;5;3;0;6
pe;2;0;0;13
patrício;13;5;0;2
originariamente;26;0;0;0
oponente;8;13;0;2
nexo;6;2;0;10
nefasto;4;19;0;3
mundial;1;15;4;2
montagem;0;5;2;0
mensuração;0;0;0;26
manuela;3;14;0;5
manhã;2;9;9;0
maciço;0;2;1;7
litigância;24;1;0;0
linguagem;1;16;5;0
intermédio;3;14;3;4
instrutória;20;3;1;1
ilegalidade;10;2;0;7
harmonia;14;3;2;7
fl;4;10;9;0
fenomênico;25;0;1;0
fazê;7;1;2;15
esperança;9;8;2;1
escrita;3;7;2;12
despacho;12;0;11;0
datar;2;7;6;0
cédula;0;12;8;0
custear;2;17;1;3
culpabilidade;4;0;0;0
consolidação;13;10;2;1
consciente;1;15;2;8
consagrar;10;1;1;13
concorrente;3;9;0;10
combate;2;8;7;9
classificação;0;4;21;0
cessar;0;5;0;5
cadeia;4;9;10;1
boulos;6;0;11;1
barbosa;4;1;3;1
assessor;0;2;17;0
anteceder;18;4;4;0
ac;0;1;1;23
vaz;3;5;6;4
tribuna;11;8;2;3
situar;14;5;3;3
setor;0;6;13;0
revolução;0;13;1;2
redator;3;1;0;18
protocolar;9;2;13;0
projeção;5;12;1;7
produto;3;15;0;2
probante;10;0;4;1
probabilidade;15;0;4;4
previamente;11;10;0;2
ponderação;8;0;0;17
pet;5;2;3;11
peso;10;2;0;12
permanente;3;20;0;2
optar;9;11;0;3
opositor;0;2;2;0
ocasionar;8;2;1;14
nulo;0;2;16;0
negócio;1;7;14;1
mário;7;0;9;0
moreira;2;1;1;8
melar;0;1;4;0
juazeiro;0;0;13;7
intrusivo;0;22;3;0
indisponível;4;0;0;21
indiciária;7;0;0;5
indevidamente;2;11;2;4
incumbente;0;14;1;8
imperioso;16;1;1;6
homem;4;6;11;1
fragmento;4;12;2;7
extraio;6;1;2;11
estender;8;9;4;4
emergir;2;7;0;6
embargado;9;0;1;5
emanar;2;0;1;20
dotar;3;7;0;14
dilação;22;2;0;1
desmentir;2;19;1;0
desincumbir;20;0;0;2
dedicar;1;12;9;1
decadencial;20;0;0;5
danoso;1;7;1;14
contínuo;5;15;4;1
contundente;3;6;3;13
contextualizar;6;7;0;11
contemporâneo;12;2;1;9
conquista;0;1;20;2
congruência;25;0;0;0
confiar;0;18;1;0
condutor;10;6;1;7
cometer;3;3;6;13
autêntico;1;20;1;3
atendimento;5;0;9;3
assis;20;0;0;5
assertiva;11;8;4;1
administrador;0;13;5;4
aderência;17;5;1;2
véspera;0;19;4;1
válido;5;8;3;8
viana;0;0;17;0
troca;0;10;3;10
tradução;0;14;8;1
tocar;6;2;7;4
suprimir;3;7;1;6
sites;0;22;0;2
sindicato;0;13;0;9
silveira;0;0;0;22
show;2;16;1;3
sancionadoras;16;1;0;7
ré;11;1;1;2
redução;0;20;0;0
psess;1;0;0;17
propriedade;3;1;2;2
processamento;22;1;0;1
potencializar;0;20;0;3
pluralismo;0;10;0;14
oficialmente;1;5;3;2
obrigatório;12;1;2;9
movimento;3;18;1;1
modificar;16;5;2;1
jogar;8;3;10;0
inviável;12;4;2;6
inviabilidade;14;3;1;5
intimidade;4;2;0;10
interlocutor;5;10;4;1
instrutório;17;4;2;0
inequivocamente;11;5;0;6
indiciários;16;0;0;1
inconstitucional;1;4;8;8
inautêntico;0;18;0;2
inauditável;0;3;21;0
iminente;1;18;2;1
ideologia;0;8;1;11
guarda;7;4;0;5
gravemente;3;14;0;6
geromel;0;0;12;8
foto;1;11;2;0
fluxo;6;10;1;2
fixo;10;4;1;7
finalmente;4;1;9;5
federação;3;10;4;5
experiência;9;10;2;0
equivalente;1;3;6;0
enfrentamento;7;13;0;3
dono;1;0;6;1
domínio;16;2;5;1
dividendo;0;19;0;3
detalhe;6;3;14;0
desempenhar;13;3;5;2
defensivo;16;6;1;1
culpa;1;1;2;0
controvertido;15;3;2;3
continental;0;22;0;1
concepção;1;12;3;8
competição;3;2;0;19
coligir;14;0;1;7
cerimonial;0;16;7;0
cair;1;4;15;2
banco;0;6;6;2
avançar;11;3;8;0
autonomia;0;14;0;10
anormal;1;2;0;7
afetado;3;3;1;17
advertir;8;10;3;3
admissão;24;0;0;0
adesão;0;17;4;3
abril;0;4;17;2
viii;9;8;2;1
validade;14;0;0;8
sólido;10;6;0;3
sucesso;1;16;2;4
sti;0;1;20;0
sobrevir;4;8;0;5
soares;0;3;6;11
reputar;15;1;0;5
red;9;0;0;14
recebido;6;0;4;9
rebater;1;15;4;1
protagonista;9;5;0;9
prevalência;5;6;1;11
preponderante;11;2;0;4
ponderado;2;0;0;21
plateia;2;18;3;0
pi;1;0;0;22
opinar;10;4;5;4
objetivamente;8;6;3;5
mormente;7;8;0;6
mitigar;9;5;0;9
mercado;0;9;1;4
marino;3;3;4;0
loja;0;1;6;0
lesão;2;3;2;7
lesivo;0;0;0;23
lavra;17;0;1;3
jingle;1;19;0;0
inocorrência;16;0;0;5
indefiro;22;0;0;1
imprescindibilidade;20;1;0;2
implementar;3;10;7;3
imparcialidade;11;6;1;5
ilustrar;0;10;9;3
generalizado;3;6;0;1
fácil;4;13;4;0
formulação;16;3;2;2
fiscalização;3;8;1;8
família;0;14;7;1
fabricar;0;19;4;0
extinguir;23;0;0;0
extemporâneo;1;6;0;15
estabelecido;6;1;0;16
especulação;7;8;4;1
equivaler;4;8;7;1
empreender;12;7;0;4
dolo;1;0;2;0
divergente;19;0;2;1
devasso;6;1;0;0
descumprimento;9;2;0;8
denunciar;2;5;12;2
deliberado;0;18;1;3
crivo;18;1;1;0
corrente;4;6;5;7
correlato;14;0;6;3
controverter;19;1;2;1
contraponto;0;19;2;2
contestar;5;14;2;2
concretizar;0;9;2;3
comprometido;0;4;1;18
cometimento;8;2;1;7
científico;2;18;0;3
categórico;7;2;1;12
bolha;0;20;0;2
aumentar;0;18;1;0
ater;1;14;2;5
associação;0;19;2;0
aparato;2;18;1;0
anotação;12;2;7;1
amanhã;1;2;19;0
alusivo;5;3;3;12
alimentar;2;12;6;2
alertar;2;9;7;4
aceito;4;4;7;7
óbice;15;1;1;5
ético;10;2;0;10
vertente;8;6;2;5
transformação;0;18;0;4
trago;13;1;3;5
tom;2;15;3;2
tipificação;4;4;4;10
tabela;4;13;4;0
sindical;1;11;0;3
sepúlveda;1;0;0;21
retratar;4;4;3;8
respel;5;0;0;16
respeitado;3;6;7;2
repórter;0;11;3;1
remover;0;14;0;0
pátria;1;5;10;4
programação;2;8;9;3
precisamente;4;9;0;9
possivelmente;1;5;10;6
performance;1;17;2;1
percentual;0;1;15;3
pa;3;0;1;18
orgânico;2;13;0;1
ofender;3;3;1;13
observador;0;3;18;0
obrigação;14;1;0;5
objetivar;3;4;4;4
modificativo;20;1;0;1
menezes;0;0;5;10
liderança;2;11;9;0
junior;4;0;0;7
jairo;0;3;2;14
insuficiente;10;2;0;5
informatizado;0;7;15;0
implícito;5;7;5;5
imaginário;0;14;7;0
giuseppe;0;0;17;0
gastar;2;4;11;1
fundar;10;1;0;11
faculdade;14;0;6;2
facilmente;4;15;2;1
expedir;3;11;7;1
emenda;9;1;6;4
eliminar;9;9;4;0
dicção;18;0;1;3
desvirtuar;2;13;0;7
desenvolvido;9;4;3;5
demarcar;17;5;0;0
delicado;1;5;1;15
decisivo;10;5;2;5
convincente;8;0;1;4
conveniência;12;4;3;1
contratante;6;3;1;0
consolidar;3;11;2;6
comunicacional;0;14;3;5
complexidade;9;6;4;3
comercial;2;8;1;1
cliente;5;0;0;0
categoricamente;0;1;15;0
carta;5;5;7;5
battisti;0;1;16;0
atentado;2;8;10;2
assemelhar;5;8;0;6
apreço;3;1;2;14
aporte;3;1;1;17
aparente;6;10;0;4
anulação;5;5;0;8
antigo;3;13;2;2
altura;8;6;6;1
acessado;0;6;4;0
ávila;4;8;0;6
trocar;4;6;11;0
tido;11;0;1;9
tempestivo;12;0;0;9
tecer;14;3;2;1
standard;15;0;0;6
solucionar;19;0;2;0
solicitado;15;0;1;0
sentença;14;0;0;6
repetição;7;6;3;2
renovar;11;2;1;5
regulação;2;10;0;1
reação;2;12;6;0
razoabilidade;8;2;3;8
pôr;6;3;4;7
propício;10;10;1;0
prontamente;2;16;2;1
projetar;3;11;2;3
porta;5;8;6;0
plausível;8;8;4;0
petrobras;3;2;1;1
pegar;0;0;18;0
ordenar;11;4;2;3
nobre;5;7;2;1
monólogo;1;12;6;0
mente;8;8;4;1
melhoria;0;15;4;1
lxxviii;17;0;0;2
janino;0;0;17;0
isonômico;3;6;0;11
inaugural;20;0;0;1
global;6;13;2;0
gestor;1;3;10;7
fórum;0;4;0;17
farsa;0;4;16;0
falsidade;6;7;0;6
factual;0;17;4;0
endereço;0;3;4;0
eficiência;5;2;0;0
dificultar;6;12;0;1
diferenciar;8;7;0;1
descrédito;4;13;0;4
descontextualizadas;0;13;2;6
custeio;2;8;2;5
cronológico;5;10;4;2
correr;4;7;10;0
contábil;5;0;1;3
contrariar;5;5;1;7
contrapor;3;11;2;5
consumação;21;0;0;0
conflitante;19;0;0;1
competidor;0;9;0;12
comemoração;0;16;0;2
coibir;2;2;0;17
cautela;8;7;4;2
caputo;1;5;0;15
bastos;1;5;0;15
basicamente;4;3;10;1
apontamento;9;7;2;1
adquirir;3;8;2;0
acréscimo;15;1;0;5
achado;3;7;7;0
absurdo;1;12;8;0
abrangente;8;5;0;8
viabilidade;10;1;5;3
unir;2;9;1;6
ultrapassar;6;8;4;2
transferir;0;6;14;0
suspenso;11;1;0;3
substantivo;4;0;0;16
slide;0;1;14;0
sistêmico;2;14;0;4
significado;2;8;4;6
sala;0;2;14;0
roger;0;15;0;3
rodrigo;0;1;3;13
reverberar;0;11;1;8
reputado;10;2;3;5
punível;3;2;0;14
propriamente;2;12;3;1
proporção;2;16;0;1
permear;2;14;0;4
operador;5;2;3;0
nancy;0;2;0;18
morar;5;3;10;0
metodologia;11;7;1;1
marcha;14;5;0;1
luís;11;3;1;3
ligação;1;3;1;1
itamaraty;0;10;5;0
introduzido;4;0;0;16
indiscriminado;4;0;0;0
impedimento;9;3;0;8
imaginar;2;1;17;0
guiar;16;3;0;1
frisar;11;6;2;1
frase;0;9;10;0
fotografia;4;4;8;2
forjar;1;17;2;0
fls;10;4;2;1
faixa;0;5;5;3
esconder;0;5;9;0
escala;0;16;2;1
equivocar;10;5;4;1
ensejo;11;7;1;0
doutrinário;3;0;0;17
documentário;2;13;1;0
distorção;1;17;0;2
diplomata;1;16;3;0
desviante;1;5;0;14
desnecessidade;15;1;1;2
demandado;10;2;0;8
deliberação;10;1;5;3
cívico;0;16;0;0
célere;11;5;1;1
cristina;3;0;0;1
cotejo;7;6;1;6
costa;3;2;4;4
corrigir;3;7;8;1
cooperação;10;5;2;3
conversão;5;5;4;0
constrangimento;4;4;4;3
consequentemente;14;1;0;5
comunicativo;0;0;0;20
comparativo;7;4;7;2
circular;0;15;4;0
cabeça;0;1;17;1
cabal;6;5;5;4
banimento;2;0;3;0
alterado;3;7;10;0
al;2;7;1;10
acolhido;18;0;1;1
abarcar;8;7;0;3
waters;0;15;0;3
vigilância;2;15;1;1
veemente;0;3;0;6
valorar;15;1;1;2
utilidade;16;2;1;0
série;2;6;7;1
suceder;14;4;0;1
sensível;3;4;4;7
saúde;0;13;4;1
sabido;11;1;0;7
respeitoso;9;3;0;1
repúdio;0;18;0;1
replicar;4;10;0;1
religioso;1;6;0;12
reiteradamente;3;12;3;1
recorrível;19;0;0;0
racionalidade;19;0;0;0
prosperar;16;2;0;0
propina;5;1;6;1
privativo;3;7;2;7
poderio;0;1;0;18
pessoalmente;2;10;5;2
personalidade;0;9;7;3
oscar;0;3;1;1
ofertar;7;2;3;2
obrigatoriedade;14;0;0;2
obedecer;0;3;0;16
naturalmente;5;10;2;1
míngua;14;1;0;4
mote;3;14;0;0
mirar;1;17;1;0
minucioso;3;3;6;6
midiático;1;6;0;12
litigante;18;0;0;1
levantar;3;4;10;0
legitimado;15;0;0;3
juridicamente;5;5;0;9
invalidação;9;0;2;8
intérprete;1;7;3;8
instituir;4;3;2;10
insegurança;12;3;0;4
inconformismo;17;2;0;0
inacessível;0;9;0;10
impropriedade;5;1;2;3
governante;0;12;0;6
fulminar;18;0;0;1
felipe;11;1;2;3
favorecimento;1;12;0;6
exercitar;5;12;1;1
executar;0;19;0;0
estranho;12;6;0;1
escopo;6;6;0;7
errado;0;10;8;1
dissociar;5;4;1;5
desconformidade;1;0;0;15
depoente;0;3;14;0
correção;12;0;5;2
correspondente;7;1;4;2
controlar;0;10;1;5
conselho;2;7;5;0
conluio;2;8;3;1
concorrer;7;5;2;5
coeso;6;1;1;8
cadeira;0;2;13;3
autopromoção;0;9;8;0
atitude;2;8;6;2
asepa;8;0;0;2
argumentação;3;10;3;3
aparência;1;11;1;3
apagar;0;1;13;0
anonimato;8;4;0;6
andrighi;0;0;0;19
andrade;1;0;9;0
amplificar;0;19;0;0
amparo;5;6;3;5
americano;2;14;3;0
aliado;5;10;2;0
vulnerável;0;3;14;0